unit	serial	lineage	resources	bytes	sha256
live/artifacts/images	383	875964a0-97ae-289e-595d-03c1538d5ac5	1	1844	3ac802c8076bcebedd1dd7751ec57fde0cadf2bbfb7c8056a2b0c0a325bdfd9a
live/artifacts/registry	176	c7d7e18d-3f23-2e50-c270-8c935124a7ff	3	9118	d3b836edbc183e72a3f3062a1418d19cf28b071e23479e7c7b147afe5bf9cadc
live/artifacts/schematic	3	4ea36775-c5cd-db1c-9ac5-92bbe7e4e243	1	1196	8da954c74352db57544dbb1c006cd0a69c561e779135574002e3d0ef6dbc98c3
live/baremetal/pxe	4	f9a88ed0-753e-ed2b-6dff-f91c046a322c	5	5917	ffee49a98a5803aa917b15d031a1e3845fe9d7abb40c99664a20a4f8d681a210
live/cloud/openbao-kms	3	525a722a-3064-9bd6-87b6-fe5ec1ae0358	7	6627	0e77faaac9d48618b3b144a0e4fbb470f42a3c642ba1374cfe5bcd92f9e6fe2c
live/clusters/cluster-101/apply	79	b7dac57c-6a5a-aa55-74af-70d904eff440	2	316362	c6e1c3579bdf09869635e5d766be6640099d4ef548bd9afbe2d356d8c9a87941
live/clusters/cluster-101/bootstrap	68	fb1b568c-0dbf-d4ba-376a-932d2f5a03bb	6	15239	d9e79ee62235fd349ef520da37ca89db8556f9c08249051eff465a5d15bc3866
live/clusters/cluster-101/cilium-bootstrap	33	5e21e5a0-def4-4c60-d041-2e8b55b5978c	1	945	a2d7560c61d6ed2b2dcac4b92e363e214ab8f52c3b79d10185517764ba4f3e16
live/clusters/cluster-101/compute	89	f2e823bd-cb25-264e-316e-31f5cef55c5a	11	82071	50693624bb2046ffb6605169b543d57bcea0afdfe0212519dbddbe84d19fe3b8
live/clusters/cluster-101/config	73	df05b55e-ae21-2681-9dd5-387a5518f119	7	576792	f13617da4044e735136a872d2697d05d3368a045b051d5eb308a865d40a83102
live/clusters/cluster-101/flux	106	63361904-da2e-deb6-a721-94b4f1528ca6	15	14913	eab30412cf1e8217d20d39542d0f72a47471cc92ea870e270c58ea5f6731e34a
live/clusters/cluster-101/secrets	60	dd0fc33e-f1da-ea0d-e005-04782d387c55	1	32553	f9c20921cd81509c3bd29e9e4238b3b534ef359cfe4641d6b04946ae605be5fa
live/clusters/cluster-104/apply	6	0a7d496f-3e03-486b-f3cf-c421f99055d0	2	51053	a31ddeaaa33358fd351b1f00a453d9d5b14fd3b89924291bb7bfa3ebd08649c8
live/clusters/cluster-104/bootstrap	4	316e0f56-81b6-5c94-6c9d-4f4e19ba3c3c	6	15467	6a3ad7541131c2ad6ea8e7c51d71e01abce945bc1c8e613562770a3a8e3fe927
live/clusters/cluster-104/cilium-bootstrap	5	f4d94778-02de-6d0e-ca03-4cb25df20831	1	1053	5449a94309e24c28d39518c789481935353a644ab0d646dd638fa71425cfa95d
live/clusters/cluster-104/config	7	8fa9299b-5ced-240e-dbac-966dd0f21d7e	7	149795	3453932ced9aca808f96a58bc2575588f47971f9aa16f3e7254af59754c99d98
live/clusters/cluster-104/flux	11	06bc3880-24b1-93b1-ef83-0d97eaf4c515	15	14908	648c5fd7e56b8844e6601bd0656c899bf6519ad2d013140a37b545b841e6ca0c
live/clusters/cluster-104/schematic	2	934c501f-386c-fe91-d298-d61ef85ad7dc	1	1157	a311012b5dbb43b8d6cd43b89d439dddebd0ac3a43089d4536e3e26d16f70895
live/clusters/cluster-104/secrets	2	ed02b78d-6c72-af94-1223-029a8d0d4dcd	1	31008	fec5e02e3626788b3d89085d4aac723bbe8f1320ea1e90dda931d2f93868e07e
live/common/0-sdn-setup	31	53ff4917-252c-95f8-8a0c-9c9b8c7cc818	9	13278	a8acbbd6ded998d673d0e557529c9638c86b829310991e6d5175a3da29c5c409
live/common/1-firewall	3	2fa12afc-499f-0bd1-1473-ca93da919853	3	4607	89ed1700855a7d5b1b290351564d29e54ca988247a0713585c950c21e7b45273
live/common/2-ceph-pools	8	c9c32a22-1032-e7d0-cf1b-ecdadc76de9e	2	5472	7322174c9dbc8077adc4ba47a3132ad93ff325841184d7b1f46a259517ac18c0
live/common/3-ansible-facts	2	71cf93cf-875a-1370-5578-822bdc9f65d7	1	1620	685493cc28ec4e18afdb13ae112d8402c1f07b16ea4fb8659157e94aa249ea78
live/common/proxmox-access	5	d281448f-8a33-31b5-92fe-0782a17ce607	5	5744	f0d8a1d8dda91ccaa227ce9d710e0f0e55ee7426435967cc969c7a28a077580c
live/common/proxmox-acme	3	2e95f255-218c-3404-0f9a-cf61898a5237	3	4679	bf8eba26af7f702525c669dad709859d065edec2917372e3b0cebd63b9bfe71c
live/common/proxmox-backup-jobs	8	f4237378-07c4-d99a-4c40-5c9d00677223	2	5545	591f9a3cee7879c290c26a6cec2c1444b537f048d6e9c7bde3e26008d61025bb
live/common/proxmox-ha	9	3c8a6f57-b927-56d1-4879-eee781904bef	3	6066	de3a25caa400315379b5968ace44e0fc2f99bcb7936a496bbfeb07e19a902106
live/common/proxmox-metrics	2	467c08f5-ba31-b3a7-c146-50c9175b8da0	1	3533	ffc5c9c2f9916b2602e9acb45edc52519a52e7b2baac433895e23550e81a66db
live/common/proxmox-node-basics	5	082fd723-2190-eff2-2377-6c08cf0a6ae7	2	4561	87cccca83b7e84a09d98bcee052e22f2f3bb829bfe7fa0b91be7fbe429ba5194
live/common/proxmox-realms	2	eee63e4b-246d-4027-dc47-3bc209128486	2	4286	f4587a5ada1deec8c7e6008f3712251441c19ad30e8e2340f75b2182bdb9f89e
live/common/proxmox-storage	3	4b2e11b8-767f-b057-b8b5-8d2b7554b853	3	4469	99e5715dd55fa33ec67cadfcd1ae41e5e0558d09e1eb89575cd4c0ab34d1adfd
live/common/proxmox_hardware_mappings	6	de2e7c03-42be-93e7-b48f-63752cf0d341	2	7331	7f5222082ed09a9a14a29706aabdb97a9284b211440497e6f6c16893bd0477b4
live/routeros	192	531c8f63-ed0d-1ac5-2c31-d78426ad5f96	39	107993	0ef527012e79f3eb6b570b5ccf7308d0fc66ca5daab3fa7438c8cc636c5f6cdc
live/services/cloudflare-access	35	61b7d402-ad0a-272c-0689-45f1861888a9	21	97913	8b688f02e760b8546f13fd47fdd9041e60fa102a48cd3bbf25b7903c4a96ae08
live/services/debfs-lxc	4	669a0d71-cb3d-03b4-7ead-c7b8ddc7954c	3	7669	0530a6af3e220794daa365e62887763821d321546dc47ec7fa9c9d6133f9ea00
live/services/debfs-vm	9	b27b049a-affc-60ac-53e6-c1660fae3186	4	10177	bad427815267dbed8573e16dc59977474679710a10e4a97dcaf714ac34c579f0
live/services/kanidm	133	2dbee5dc-6f15-d83b-c877-314a0ad6ad5e	9	17022	d8b6ab193aee9a2aaf25d20b6ec69f7876d68b5ddf986b38719df1ceed1f7663
live/services/minio-lxc	21	7cdb998a-842d-dfcc-1cf4-e81ba646fdf3	8	11674	86d36fb78ad0e89ad8a50b686d5d2ece5dfd8fb16b8b42860e3275a46f8601e7
live/services/nixbuild-vm	4	dcbe2aea-b9e4-75f6-9fee-7fbefb86b578	3	8347	63ffbf89e36a1d862f7c2a5257def32f03c29d420b41322828ccc5ca039001b2
live/services/nixfs-lxc	2	614f3a72-638a-e8e0-11ea-52397fee4451	2	6936	e18dbd19fc2122829f12c510bb2cfdf2a16e10a0897baf480873e523e07358b3
live/services/nixfs-vm	2	477fce7b-0808-5235-ce8a-ad650ea2c0ff	3	8345	88a04e224e38ff16c6ac8c70cb1bd2b2a8a7868f932014cdebd86f1a4add7ffd
live/services/nixtest-lxc	2	dd6c4e93-fea9-c92d-69fe-60fe218a267d	2	6668	56a31001a4ca1d35dfe29cb2722dcfe6aa2a99917e3baebd100d8ca3e0f758f9
live/services/openbao	16	bdb0168b-27bb-e486-4da6-a6eb54a08e75	7	17414	9140781f264e314267ee687333233fb33cd004f6e48da02fbdf3e379cc7e71fc
live/services/smallstep-lxc	13	28a348d7-f2df-0621-aea3-673cd95096a0	9	12062	0a527e60a97c7ceca32347dd9282da2ea2016c36d24e8970a66b46545461ea95
live/services/tailscale-config	1	63e65582-a82c-bcf9-09b0-576e36a44d3d	0	152	dce73820a4b387a8f7a624ef8aa1ba142316feffc712ee48f3c7fb9e6772c185
live/services/tailscale-lxc	30	207b3c79-fee6-5633-2a8b-7f05621e6088	6	15107	564d3e5dd881c0c8d39b259bbdca231d6a6810756b1671cbc21882e084c48cf5
live/services/zot-lxc	30	d2d5a700-702c-447b-e5d2-832434527da5	7	9809	de77818526574942db047f082a60b0e5b5d55234b4cb458a4b682da95ff02705
